Workbook

Sheet Form
B2: FORM NHẬP DỮ LIỆU
B4: DỮ LIỆU ỐNG GIÓ
B5: 1. Đường kính ống côn (mm)
B6: 2. Chiều dài ống gió tổn thất (mm)
B7: 3. Đường kính ống gió (mm)
B8: DỮ LIỆ̣U ĐỘNG CƠ
B9: 4. Công suất động cơ (kW)
B10: 5. Số vòng quay của quạt (vòng/phút)
B11: 6. Hệ số động cơ
B12: 7. Hiệu suất động cơ (%)
B13: DỮ LIỆU ĐO KIỂM
B14: 8. Áp suất khí quyển (kPa)
... B22: 16. Điện áp (V)

Sheet Calculation
A4: THÔNG SỐ ĐO KIỂM QUẠT CÔNG NGHIỆP
A5: I. Sơ đồ hệ thống đo kiểm
G9: Nhập
G11: Kết quả
A15: Sơ đồ quạt và vị trí đo kiểm
A17: II. Thông số cơ bản của đường ống và môi trường đo kiểm
A18: II.1 Thông số cơ bản của đường ống gió
A19: 1. Đường kính ống D5 (mm) | E19: 4. Tiết diện ống D5 (m²)
A20: 2. Chiều dài ống gió tổn thất L(mm) | E20: 5. Hệ số ma sát ống K
A21: 3. Đường kính ống gió D3 (mm) | E21: 6. Tiết diện ống gió D3(m²)
A22: II.2 Thông số cơ bản của quạt
A23: 7. Số vòng quay của quạt NLT (rpm) | E23: 11. Hiệu suất động cơ
A24: 8. Công suất động cơ (kW) | E24: 12. Độ nhớt không khí (Pa.s)
A25: 9. Hệ số động cơ | E25: 13. Áp suất khí quyển (kPa)
A26: 10. Tần số | E26: 14. Nhiệt độ làm việc (ºC)
A27: III. Thông số đo kiểm
A28: Kiểm tra số | C28: 1 | D28: 2 | E28: 3 | F28: 4 | G28: 5 | H28: 6 | I28: 7 | J28: 8 | K28: 9 | L28: 10
A29: Nhiệt độ bầu khô (ºC)
A30: Độ ẩm tương đối (%)
A31: Số vòng quay NTT (rpm)
A32: Chênh lệch áp suất (Pa)
A33: Áp suất tĩnh (Pa)
A34: Dòng làm việc (A)
A35: Điện áp (V)
A36: Tần số (Hz)
A40: III. Tính toán các thông số đo kiểm
A41: III.1 Kết quả tại điều kiện đo kiểm
A42: Bước | B42: STT | C42: 1 | D42: 2 | E42: 3 | F42: 4 | G42: 5 | H42: 6 | I42: 7 | J42: 8 | K42: 9 | L42: 10
A43: B1 | B43: Nhiệt độ bầu ướt (ºC)
A44: B2 | B44: Áp suất báo hòa Psat (Pa)
A45: B3 | B45: Áp suất riêng phần Pv
A46: B4 | B46: KLR môi trường (kg/m³)
A47: B5 | B47: Xác định RW
B48: Áp suất tại điểm đo chênh lệch áp suất P5
B49: KLR tại điểm đo lưu lượng PL5 (kg/m³)
B50: Độ nhớt không khí
A51: B6 | B51: Hệ số lưu lượng
A52: B7 | B52: Lưu lượng khối lượng (kg/s)
A53: B8 | B53: Lưu lượng thể tích (m³/s)
A54: B9 | B54: KLR điểm đo áp suất PL3 (kg/m³)
A55: B10 | B55: Lưu lượng thể tích tại PL3 (m³/s)
A56: B11 | B56: Lưu lượng thể tích theo RPM (m³/s)
B57: Hiệu chỉnh lưu lượng thể tích theo RPM (m³/h)
A58: B12 | B58: Vận tốc dòng khí
A59: B13 | B59: Áp suất động (Pa)
A60: B14 | B60: Tổn thất đường ống (Pa)
A61: B15 | B61: Áp suất tĩnh (Pa)
B62: Áp suất tổng (Pa)
A63: B16 | B63: Công suất động cơ tại điều kiện đo kiểm (kW)
A64: B17 | B64: Công suất động cơ thực tế (kW)
A65: B18 | B65: Hiệu suất tĩnh (%)
A66: B19 | B66: Hiệu suất tổng (%)
A70: Hiệu chỉnh về điều kiện tiêu chuẩn 20oC
A71: Kiểm tra số | C71: 1 | D71: 2 | E71: 3 | F71: 4 | G71: 5 | H71: 6 | I71: 7 | J71: 8 | K71: 9 | L71: 10
A72: Lưu lượng tại điều kiện tiêu chuẩn (m³/s)
A73: Lưu lượng tại điều kiện tiêu chuẩn (m³/h)
A74: Áp suất tĩnh tại điều kiện tiêu chuẩn (Pa)
A75: Áp suất động tại điều kiện tiêu chuẩn (Pa)
A76: Áp suất tổng tại điều kiện tiêu chuẩn (Pa)
A77: Công suất hấp thụ tại điều kiện tiêu chuẩn (kW)
A78: Hiệu suất tĩnh (%)
A79: Hiệu suất tổng (%)
A82: Hiệu chuẩn về điều kiện làm việc
A83: Kiểm tra số | C83: 1 | D83: 2 | E83: 3 | F83: 4 | G83: 5 | H83: 6 | I83: 7 | J83: 8 | K83: 9 | L83: 10
A84: KLR tại điều kiện làm việc
A85: Lưu lượng tại điều kiện thực tế (m³/s)
A86: Lưu lượng tại điều kiện thực tế (m³/h)
A87: Áp suất tĩnh tại điều kiện thực tế (Pa)
A88: Áp suất động tại điều kiện thực tế (Pa)
A89: Áp suất tổng tại điều kiện thực tế (Pa)
A90: Công suất hấp thụ tại điều kiện tiêu chuẩn (kW)
A91: Hiệu suất tĩnh (%)
A92: Hiệu suất tổng (%)

Sheet Report
D1: TOMECO MECHANIC-ELECTRICAL.,JSC
D2: Head Office: 53 Nguyen Xien Street, Thanh Xuan, Hanoi
D3: Factory: Km21+200 Ngoc Liep, Quoc Oai, Hanoi
D4: Tel: 0243 563 1130 - Fax: 0243 563 3980
D5: Email: toancau@tomeco.vn - Web: www.tomeco.vn
B12: BÁO CÁO KẾT QUẢ ĐO KIỂM ĐẶC TÍNH QUẠT CÔNG NGHIỆP
B13: Industrial Fan Performance Test Report
C15: Mã quạt/Model:
C17: Số phiếu đo/Report:
C19: Khách hàng/Customer:
C21: Dự án/Projetct:
C23: Ngày/Date:
C30: Người thực hiện:
C31: Test perfprmed by:
C33: Người chứng kiến:
C34: Test witnessed by:
C36: Người phê duyệt:
C37: Approved by:
B43: I. Tiêu chuẩn áp dụng/Reference Standard
B45: Đường đặc tuyến và các thông tin kỹ thuật của quạt được đo kiểm phù hợp tiêu chuẩn ISO 5801:2007 và TCVN 9439:2013
B46: The performance test and technical fans complies with ISO 5801:2007 and TCVN 9439:2013
B48: ISO 5801:2007 - Industrial Fans - Performance testing using Standardised airways
B49: TCVN 9439:2013 - Quạt công nghiệp - Thử đặc tính khi sử dụng đường ống gió tiêu chuẩn
B51: II. Thông tin quạt đo kiểm/Fan Details
C53: Mã quạt Model
C54: Kích thước guồng cánh (mm) Size (mm)
C55: Tốc độ (RPM) Speed (RPM)
C56: Kiểu truyền động Drive
C57: Công suất động cơ (kW) Output (kW)
B59: III. Sơ đồ hệ thống đo kiểm (Loại C)/Test arrangement (Type C)
B72: Hình 1. Sơ đồ kiểu lắp và vị trí đo kiểm
B73: Lưu ý:
B74: 1 - Nắn dòng
B75: 2 - Côn chuyển
B76: 3 - Vị trí lắp quạt
B79: IV. Dữ liệu đo kiểm/Test information
B82: Bảng 1. Thông số cơ bản của đường ống gió/Table 1. Duct information
B83: 1. Đường kính ống D5 (mm) 1. Duct diameter D5 (mm) | I83: =Calculation!D19 -> 0
B84: 2. Đường kính ống D3 (mm) 2. Duct diameter D3 (mm) | I84: =Calculation!D21 -> 0
B85: 3. Chiều dài tổn thất ống gió (mm) 3. Duct Friction Length (mm) | I85: =Calculation!D20 -> 0
B88: Bảng 2. Thông số cơ bản của động cơ/Table 2. Motors Techincal Data
B89: 4. Công suất động cơ (kW) 4. Output (kW) | I89: =Calculation!D24 -> 0
B90: 5. Số vòng quay của quạt (RPM) 5. Speed (RPM) | I90: =Calculation!D23 -> 0
B91: 6. Hệ số động cơ 6. Power factor | I91: =Calculation!D25 -> 0
B92: 7. Hiệu suất động cơ (%) 7. Efficiency (%) | I92: =Calculation!H23 -> 0
B95: Bảng 3. Thông số cơ bản của môi trường/Table 3. Atmospheric condition
B96: 8. Độ nhớt không khí (kg/(m.s) 8. Viscosity of air (kg/(m.s) | I96: =Calculation!H24 -> 0
B97: 9. Áp suất khí quyển (kPa) 9. Atmospheric pressure (kPa) | I97: =Calculation!H25 -> 0
B98: 10. Nhiệt độ bầu khô (oC) 10. Dry bulb temperature (oC) | I98: =Calculation!C29 -> 0
B99: 11. Độ ẩm tương đối (%) 11. Relative Humidity (%) | I99: =Calculation!D29 -> 0
B100: 12. Nhiệt độ bầu ướt (oC) 12. Wet bulb temperature (oC) | I100: -
B105: Bảng 4. Thông số đo kiểm/Table 4. Measurement Parameter
B106: Lần đo Test No. | C106: Chênh lệch áp suất Differential pressure (Pa) | E106: Áp suất tĩnh Static pressure (Pa) | G106: Dòng làm việc Amps Reading (A) | I106: Điện áp Volts Reading (V)
B107: 1 | C107: =Calculation!F29 -> 0 | E107: =Calculation!G29 -> 0 | G107: =Calculation!H29 -> 0 | I107: =Calculation!#REF! -> #REF!
B108: 2 | C108: =Calculation!F30 -> 0 | E108: =Calculation!G30 -> 0 | G108: =Calculation!H30 -> 0 | I108: =Calculation!#REF! -> #REF!
B109: 3 | C109: =Calculation!F31 -> 0 | E109: =Calculation!G31 -> 0 | G109: =Calculation!H31 -> 0 | I109: =Calculation!#REF! -> #REF!
B110: 4 | C110: =Calculation!F32 -> 0 | E110: =Calculation!G32 -> 0 | G110: =Calculation!H32 -> 0 | I110: =Calculation!#REF! -> #REF!
B111: 5 | C111: =Calculation!F33 -> 0 | E111: =Calculation!G33 -> 0 | G111: =Calculation!H33 -> 0 | I111: =Calculation!#REF! -> #REF!
B112: 6 | C112: =Calculation!F34 -> 0 | E112: =Calculation!G34 -> 0 | G112: =Calculation!H34 -> 0 | I112: =Calculation!#REF! -> #REF!
B113: 7 | C113: =Calculation!F35 -> 0 | E113: =Calculation!G35 -> 0 | G113: =Calculation!H35 -> 0 | I113: =Calculation!#REF! -> #REF!
B114: 8
B115: 9
B116: 10
B117: Bảng 5. Thông số tại điều kiện đo kiểm/Table 5. Test data at test condition
B118: Lần đo Test No. | C118: Lưu lượng Volume (m3/s) | E118: Áp suất tĩnh Static pressure (Pa) | G118: Công suất Power (kW) | I118: Hiệu suất Efficiency (%)
B119: 1 | C119: =Calculation!F51*3600 -> 0 | E119: =Calculation!#REF! -> #REF! | G119: =Calculation!#REF! -> #REF! | I119: =Calculation!#REF! -> #REF!
B120: 2 | C120: =Calculation!F52*3600 -> 0 | E120: =Calculation!#REF! -> #REF! | G120: =Calculation!#REF! -> #REF! | I120: =Calculation!#REF! -> #REF!
B121: 3 | C121: =Calculation!F53*3600 -> 0 | E121: =Calculation!#REF! -> #REF! | G121: =Calculation!#REF! -> #REF! | I121: =Calculation!#REF! -> #REF!
B122: 4 | C122: =Calculation!F54*3600 -> 0 | E122: =Calculation!#REF! -> #REF! | G122: =Calculation!#REF! -> #REF! | I122: =Calculation!#REF! -> #REF!
B123: 5 | C123: =Calculation!F55*3600 -> 0 | E123: =Calculation!#REF! -> #REF! | G123: =Calculation!#REF! -> #REF! | I123: =Calculation!J98 -> 0
B124: 6 | C124: =Calculation!F56*3600 -> 0 | E124: =Calculation!#REF! -> #REF! | G124: =Calculation!#REF! -> #REF! | I124: =Calculation!J99 -> 0
B125: 7 | C125: =Calculation!F57*3600 -> 0 | E125: =Calculation!#REF! -> #REF! | G125: =Calculation!#REF! -> #REF! | I125: =Calculation!J100 -> 0
B126: 8
B127: 9
B128: 10
B129: Bảng 6.Thông số tại điều kiện làm việc của quạt /Table 6. Test data at operating condition
B131: Lần đo Test No. | C131: Lưu lượng Volume (m3/s) | E131: Áp suất tĩnh Static pressure (Pa) | G131: Công suất Power (kW) | I131: Hiệu suất Efficiency (%)
B132: 1 | C132: =Calculation!G51*3600 -> 0 | E132: =Calculation!#REF! -> #REF! | G132: =Calculation!#REF! -> #REF! | I132: =Calculation!#REF! -> #REF!
B133: 2 | C133: =Calculation!G52*3600 -> 0 | E133: =Calculation!#REF! -> #REF! | G133: =Calculation!#REF! -> #REF! | I133: =Calculation!#REF! -> #REF!
B134: 3 | C134: =Calculation!G53*3600 -> 0 | E134: =Calculation!#REF! -> #REF! | G134: =Calculation!#REF! -> #REF! | I134: =Calculation!#REF! -> #REF!
B135: 4 | C135: =Calculation!G54*3600 -> 0 | E135: =Calculation!#REF! -> #REF! | G135: =Calculation!#REF! -> #REF! | I135: =Calculation!#REF! -> #REF!
B136: 5 | C136: =Calculation!G55*3600 -> 0 | E136: =Calculation!G112 -> 0 | G136: =Calculation!#REF! -> #REF! | I136: =Calculation!#REF! -> #REF!
B137: 6 | C137: =Calculation!G56*3600 -> 0 | E137: =Calculation!G113 -> 0 | G137: =Calculation!#REF! -> #REF! | I137: =Calculation!#REF! -> #REF!
B138: 7 | C138: =Calculation!G57*3600 -> 0 | E138: =Calculation!G114 -> 0 | G138: =Calculation!#REF! -> #REF! | I138: =Calculation!#REF! -> #REF!
B139: 8
B140: 9
B141: 10
D183: Hình 2. Đường cong đặc tuyến của quạt

Sheet Design Condition
A6: BÁO CÁO KẾT QUẢ ĐO KIỂM ĐẶC TÍNH QUẠT CÔNG NGHIỆP
A7: INDUSTRIAL FAN PERFORMANCE TEST REPORT
A8: Tiêu chuẩn áp dụng/Test standard: TCVN 9439:2013/ISO 5801:2007
A11: THÔNG TIN CHUNG / GENERAL INFORMATION
A12: Tên mẫu thử / Sample: | G12: Ngày nhận yêu cầu / Request date:
A13: Cơ sở sản xuất / Manufacturer: | G13: Ngày nhận mẫu / Reception date:
A14: Ký hiệu / Sample symbol. | G14: Ngày thử nghiệm / Test duration:
A15: Số lượng mẫu / Quantity: | G15: Ngày hoàn thành / Test completed:
A16: Tình trạng mẫu / Sample observation: | G16: Tiêu chuẩn áp dụng / Applied standards:
A18: THÔNG SỐ ĐO QUY ĐỔI VỀ ĐIỀU KIỆN THIẾT KẾ/TEST DATA AT DESIGN CONDITION
A19: Thông số/Parameters | C19: Đơn vị/Unit | D19: 1 | E19: 2 | F19: 3 | G19: 4 | H19: 5 | I19: 6 | J19: 7 | K19: 8 | L19: 9 | M19: 10
A20: Lưu lượng Air volume | C20: Am3/hr
A21: Áp suất tĩnh Static Pressure | C21: Pa
A22: Áp suất tổng Total Pressure | C22: Pa
A23: Công suất tiêu thụ Absorbed Power | C23: kW
A24: Hiệu suất tĩnh Static Effiency | C24: %
A25: Hiệu suất tổng Total Pressure | C25: %
A32: ĐẶC TUYẾN HOẠT ĐỘNG CỦA QUẠT / FAN PERFORMANCE CURVES
A71: KẾT LUẬN / FINAL INSPECTION REMARK
A75: Người thực hiện | F75: Người chứng kiến | K75: Phê duyệt
A76: Test performed by | F76: Test witnessed By | K76: Approved by

Sheet Normalized Condition
A6: BÁO CÁO KẾT QUẢ ĐO KIỂM ĐẶC TÍNH QUẠT CÔNG NGHIỆP
A7: INDUSTRIAL FAN PERFORMANCE TEST REPORT
A8: Tiêu chuẩn áp dụng/Test standard: TCVN 9439:2013/ISO 5801:2007
A11: THÔNG TIN CHUNG / GENERAL INFORMATION
A12: Tên mẫu thử / Sample: | G12: Ngày nhận yêu cầu / Request date:
A13: Cơ sở sản xuất / Manufacturer: | G13: Ngày nhận mẫu / Reception date:
A14: Ký hiệu / Sample symbol. | G14: Ngày thử nghiệm / Test duration:
A15: Số lượng mẫu / Quantity: | G15: Ngày hoàn thành / Test completed:
A16: Tình trạng mẫu / Sample observation: | G16: Tiêu chuẩn áp dụng / Applied standards:
A18: THÔNG SỐ ĐO QUY ĐỔI VỀ ĐIỀU KIỆN TIÊU CHUẨN/TEST DATA AT NORMALIZED CONDITION
A19: Thông số/Parameters | C19: Đơn vị/Unit | D19: 1 | E19: 2 | F19: 3 | G19: 4 | H19: 5 | I19: 6 | J19: 7 | K19: 8 | L19: 9 | M19: 10
A20: Lưu lượng Air volume | C20: Nm3/hr
A21: Áp suất tĩnh Static Pressure | C21: Pa
A22: Áp suất tổng Total Pressure | C22: Pa
A23: Công suất tiêu thụ Absorbed Power | C23: kW
A24: Hiệu suất tĩnh Static Effiency | C24: %
A25: Hiệu suất tổng Total Pressure | C25: %
A27: Lưu ý / Note:
A34: ĐẶC TUYẾN HOẠT ĐỘNG CỦA QUẠT / FAN PERFORMANCE CURVES
A73: KẾT LUẬN / FINAL INSPECTION REMARK
A77: Người thực hiện | F77: Người chứng kiến | K77: Phê duyệt
A78: Test performed by | F78: Test witnessed By | K78: Approved by

Sheet Operating Condition
A6: BÁO CÁO KẾT QUẢ ĐO KIỂM ĐẶC TÍNH QUẠT CÔNG NGHIỆP
A7: INDUSTRIAL FAN PERFORMANCE TEST REPORT
A8: Tiêu chuẩn áp dụng/Test standard: TCVN 9439:2013/ISO 5801:2007
A11: THÔNG TIN CHUNG / GENERAL INFORMATION
A12: Tên mẫu thử / Sample: | G12: Ngày nhận yêu cầu / Request date:
A13: Cơ sở sản xuất / Manufacturer: | G13: Ngày nhận mẫu / Reception date:
A14: Ký hiệu / Sample symbol. | G14: Ngày thử nghiệm / Test duration:
A15: Số lượng mẫu / Quantity: | G15: Ngày hoàn thành / Test completed:
A16: Tình trạng mẫu / Sample observation: | G16: Tiêu chuẩn áp dụng / Applied standards:
A18: THÔNG SỐ ĐO QUY ĐỔI VỀ ĐIỀU KIỆN LÀM VIỆC/TEST DATA AT OPERATION CONDITION
A19: Thông số/Parameters | C19: Đơn vị/Unit | D19: 1 | E19: 2 | F19: 3 | G19: 4 | H19: 5 | I19: 6 | J19: 7 | K19: 8 | L19: 9 | M19: 10
A20: Lưu lượng Air volume | C20: Am3/hr
A21: Áp suất tĩnh Static Pressure | C21: Pa
A22: Áp suất tổng Total Pressure | C22: Pa
A23: Công suất tiêu thụ Absorbed Power | C23: kW
A24: Hiệu suất tĩnh Static Effiency | C24: %
A25: Hiệu suất tổng Total Pressure | C25: %
A32: ĐẶC TUYẾN HOẠT ĐỘNG CỦA QUẠT / FAN PERFORMANCE CURVES
A71: KẾT LUẬN / FINAL INSPECTION REMARK
A75: Người thực hiện | F75: Người chứng kiến | K75: Phê duyệt
A76: Test performed by | F76: Test witnessed By | K76: Approved by

Sheet Full
A6: BÁO CÁO KẾT QUẢ ĐO KIỂM ĐẶC TÍNH QUẠT CÔNG NGHIỆP
A7: INDUSTRIAL FAN PERFORMANCE TEST REPORT
A8: Tiêu chuẩn áp dụng/Test standard: TCVN 9439:2013/ISO 5801:2007
A11: THÔNG TIN CHUNG / GENERAL INFORMATION
A12: Tên mẫu thử / Sample: | G12: Ngày nhận yêu cầu / Request date:
A13: Cơ sở sản xuất / Manufacturer: | G13: Ngày nhận mẫu / Reception date:
A14: Ký hiệu / Sample symbol. | G14: Ngày thử nghiệm / Test duration:
A15: Số lượng mẫu / Quantity: | G15: Ngày hoàn thành / Test completed:
A16: Tình trạng mẫu / Sample observation: | G16: Tiêu chuẩn áp dụng / Applied standards:
A18: THÔNG SỐ ĐO QUY ĐỔI VỀ ĐIỀU KIỆN THIẾT KẾ/TEST DATA AT DESIGN CONDITION
A19: Thông số/Parameters | C19: Đơn vị/Unit | D19: 1 | E19: 2 | F19: 3 | G19: 4 | H19: 5 | I19: 6 | J19: 7 | K19: 8 | L19: 9 | M19: 10
A20: Lưu lượng Air volume | C20: Am3/hr
A21: Áp suất tĩnh Static Pressure | C21: Pa
A22: Công suất tiêu thụ Absorbed Power | C22: kW
A23: Hiệu suất tĩnh Static Effiency | C23: %
A24: THÔNG SỐ ĐO QUY ĐỔI VỀ ĐIỀU TIÊU CHUẨN/TEST DATA AT NORMALIZED CONDITION
A25: Lưu lượng Air volume | C25: Nm3/hr
A26: Áp suất tĩnh Static Pressure | C26: Pa
A27: Công suất tiêu thụ Absorbed Power | C27: kW
A28: Hiệu suất tĩnh Static Effiency | C28: %
A29: THÔNG SỐ ĐO QUY ĐỔI VỀ ĐIỀU KIỆN LÀM VIỆC/TEST DATA AT OPERATING CONDITION
A30: Lưu lượng Air volume | C30: Am3/hr
A31: Áp suất tĩnh Static Pressure | C31: Pa
A32: Công suất tiêu thụ Absorbed Power | C32: kW
A33: Hiệu suất tĩnh Static Effiency | C33: %
A35: ĐẶC TUYẾN HOẠT ĐỘNG CỦA QUẠT / FAN PERFORMANCE CURVES
A71: KẾT LUẬN / FINAL INSPECTION REMARK
A75: Người thực hiện | F75: Người chứng kiến | K75: Phê duyệt
A76: Test performed by | F76: Test witnessed By | K76: Approved by

Sheet Sheet2
B3: Họp TOMECO về phần mềm C1
B4: Chậm trong chuyển đồi số
